No.,ID,TIMESTAMP
1,25623,1778282320
2,21498,1778282321
3,19523,1778282322
4,16183,1778282323
5,9459,1778282324
6,23347,1778282325
7,9499,1778282326
8,20578,1778282327
9,13749,1778282328
10,21660,1778282329
11,16867,1778282330
12,24439,1778282331
13,15101,1778282332
14,6075,1778282333
15,19790,1778282334
16,9861,1778282335
17,19968,1778282336
18,12285,1778282337
19,24613,1778282338
20,1852,1778282339
21,1091,1778282340
22,27149,1778282341
23,952,1778282342
24,16831,1778282343
25,19025,1778282344
26,14576,1778282345
27,25085,1778282346
28,21699,1778282347
29,3566,1778282348
30,9730,1778282349
31,27427,1778282350
32,15945,1778282351
33,19915,1778282352
34,19307,1778282353
35,4131,1778282354
36,3973,1778282355
37,23714,1778282356
38,16170,1778282357
39,24176,1778282358
40,28077,1778282359
41,15274,1778282360
42,25455,1778282361
43,25124,1778282362
44,17800,1778282363
45,12133,1778282364
46,27760,1778282365
47,27283,1778282366
48,29726,1778282367
49,10650,1778282368
50,5498,1778282369
51,8388,1778282370
52,23474,1778282371
53,26518,1778282372
54,22831,1778282373
55,11727,1778282374
56,13068,1778282375
57,22120,1778282376
58,12064,1778282377
59,23022,1778282378
60,3392,1778282379
61,25715,1778282380
62,16416,1778282381
63,28469,1778282382
64,3321,1778282383
65,676,1778282384
66,11083,1778282385
67,16696,1778282386
68,9435,1778282387
69,24544,1778282388
70,26604,1778282389
71,24759,1778282390
72,16998,1778282391
73,2777,1778282392
74,23163,1778282393
75,24383,1778282394
76,25390,1778282395
77,2881,1778282396
78,12715,1778282397
79,927,1778282398
80,11406,1778282399
81,23465,1778282400
82,7933,1778282401
83,17292,1778282402
84,19178,1778282403
85,6209,1778282404
86,23661,1778282405
87,11915,1778282406
88,16610,1778282407
89,9618,1778282408
90,9746,1778282409
91,25517,1778282410
92,10590,1778282411
93,1568,1778282412
94,2153,1778282413
95,27807,1778282414
96,4364,1778282415
97,29922,1778282416
98,24979,1778282417
99,28142,1778282418
100,9914,1778282419
101,11414,1778282420
102,22021,1778282421
103,5538,1778282422
104,15399,1778282423
105,12057,1778282424
106,7254,1778282425
107,5991,1778282426
108,20324,1778282427
109,13632,1778282428
110,15847,1778282429
111,549,1778282430
112,29824,1778282431
113,10608,1778282432
114,8092,1778282433
115,27674,1778282434
116,12767,1778282435
117,1865,1778282436
118,10466,1778282437
119,25109,1778282438
120,11828,1778282439
121,7863,1778282440
122,27638,1778282441
123,24449,1778282442
124,17644,1778282443
125,24558,1778282444
126,15687,1778282445
127,26062,1778282446
128,13264,1778282447
129,20699,1778282448
130,10332,1778282449
131,9892,1778282450
132,27700,1778282451
133,20552,1778282452
134,4441,1778282453
135,24208,1778282454
136,28324,1778282455
137,10330,1778282456
138,26936,1778282457
139,10109,1778282458
140,12809,1778282459
141,18294,1778282460
142,22781,1778282461
143,25806,1778282462
144,23213,1778282463
145,6903,1778282464
146,14932,1778282465
147,24249,1778282466
148,1015,1778282467
149,10929,1778282468
150,13890,1778282469
151,27272,1778282470
152,21676,1778282471
153,8962,1778282472
154,26885,1778282473
155,18305,1778282474
156,12538,1778282475
157,3128,1778282476
158,24341,1778282477
159,24617,1778282478
160,24230,1778282479
161,22695,1778282480
162,17828,1778282481
163,16875,1778282482
164,13900,1778282483
165,27355,1778282484
166,26855,1778282485
167,10570,1778282486
168,602,1778282487
169,9814,1778282488
170,11211,1778282489
171,26893,1778282490
172,5654,1778282491
173,1790,1778282492
174,3938,1778282493
175,10904,1778282494
176,19731,1778282495
177,14318,1778282496
178,9033,1778282497
179,25168,1778282498
180,12542,1778282499
181,3420,1778282500
182,6430,1778282501
183,11454,1778282502
184,8935,1778282503
185,19818,1778282504
186,2455,1778282505
187,24162,1778282506
188,10373,1778282507
189,2086,1778282508
190,17622,1778282509
191,22535,1778282510
192,10026,1778282511
193,3676,1778282512
194,15735,1778282513
195,8927,1778282514
196,14820,1778282515
197,24608,1778282516
198,8707,1778282517
199,18079,1778282518
200,10267,1778282519
